RoleID,RoleName
1,Role1
2,Role2
3,Role3
4,Role4
5,Role5
6,Role6
7,Role7
8,Role8
9,Role9
10,Role10
11,Role11
12,Role12
13,Role13
14,Role14
15,Role15
16,Role16
17,Role17
18,Role18
19,Role19
20,Role20
21,Role21
22,Role22
23,Role23
24,Role24
25,Role25
26,Role26
27,Role27
28,Role28
29,Role29
30,Role30
31,Role31
32,Role32
33,Role33
34,Role34
35,Role35
36,Role36
37,Role37
38,Role38
39,Role39
40,Role40
41,Role41
42,Role42
43,Role43
44,Role44
45,Role45
46,Role46
47,Role47
48,Role48
49,Role49
50,Role50
51,Role51
52,Role52
53,Role53
54,Role54
55,Role55
56,Role56
57,Role57
58,Role58
